{"cameraMode":{"drawMode":0,"name":"Shaded","section":"Shading Mode"},"sceneLighting":true,"audioPlay":false,"sceneViewState":{"m_AlwaysRefresh":false,"showFog":false,"showSkybox":false,"showFlares":false,"showImageEffects":false,"showParticleSystems":false,"showVisualEffectGraphs":false,"m_FxEnabled":true},"in2DMode":false,"pivot":{"x":4.877035140991211,"y":-11.810935974121094,"z":21.292476654052736},"rotation":{"x":0.33166447281837466,"y":0.18816082179546357,"z":-0.06766890734434128,"w":0.9219885468482971},"size":11.810386657714844,"orthographic":false}